Month,Payment,Principal Paid,Interest Paid,Balance,Rate
1,3571.379352162609,1294.7488406987804,2276.6305114638285,670705.2511593013,4.1000000000000005
2,3571.379352162609,1299.135246525294,2272.244105637315,669406.115912776,4.1000000000000005
3,3571.379352162609,1303.536512806183,2267.842839356426,668102.5793999698,4.1000000000000005
4,3571.379352162609,1307.9526898863346,2263.4266622762743,666794.6267100835,4.1000000000000005
5,3571.379352162609,1312.3838282811953,2258.9955238814136,665482.2428818023,4.1000000000000005
6,3571.379352162609,1316.829978677351,2254.549373485258,664165.4129031249,4.1000000000000005
7,3571.379352162609,1321.291191933106,2250.088160229503,662844.1217111918,4.1000000000000005
8,3571.379352162609,1325.7675190790628,2245.611833083546,661518.3541921128,4.1000000000000005
9,3571.379352162609,1330.2590113187102,2241.1203408438987,660188.0951807941,4.1000000000000005
10,3571.379352162609,1334.7657200290046,2236.6136321336044,658853.3294607651,4.1000000000000005
11,3571.379352162609,1339.28769676096,2232.091655401649,657514.0417640042,4.1000000000000005
12,3571.379352162609,1478.5789049641608,2092.800447198448,656035.46285904,3.85
13,3571.379352162609,1483.285071520278,2088.094280642331,654552.1777875198,3.85
14,3571.379352162609,1488.0062173267952,2083.3731348358137,653064.1715701929,3.85
15,3571.379352162609,1492.7423900611466,2078.6369621014624,651571.4291801318,3.85
16,3571.379352162609,1497.4936375525167,2073.8857146100922,650073.9355425793,3.85
17,3571.379352162609,1502.260007782328,2069.119344380281,648571.6755347969,3.85
18,3571.379352162609,1507.0415488847211,2064.337803277888,647064.6339859122,3.85
19,3571.379352162609,1511.8383091470437,2059.5410430155653,645552.7956767651,3.85
20,3571.379352162609,1516.6503370103364,2054.7290151522725,644036.1453397548,3.85
21,3571.379352162609,1521.4776810698236,2049.9016710927854,642514.6676586849,3.85
22,3571.379352162609,1526.320390075403,2045.0589620872058,640988.3472686094,3.85
23,3571.379352162609,1531.1785129321383,2040.2008392304706,639457.1687556773,3.85
24,3571.379352162609,1536.0520987007526,2035.3272534618563,637921.1166569765,3.85
25,3571.379352162609,1540.9411965981249,2030.438155564484,636380.1754603784,3.85
26,3571.379352162609,1545.845855997786,2025.533496164823,634834.3296043806,3.85
27,3571.379352162609,1550.7661264304184,2020.6132257321906,633283.5634779503,3.85
28,3571.379352162609,1555.7020575843549,2015.677294578254,631727.861420366,3.85
29,3571.379352162609,1560.6536993060818,2010.7256528565272,630167.2077210599,3.85
30,3571.379352162609,1694.902486310411,1876.476865852198,628472.3052347495,3.6000000000000005
31,3571.379352162609,1699.9494726760436,1871.4298794865654,626772.3557620734,3.6000000000000005
32,3571.379352162609,1705.011487676999,1866.36786448561,625067.3442743964,3.6000000000000005
33,3571.379352162609,1710.088576064712,1861.290776097897,623357.2556983317,3.6000000000000005
34,3571.379352162609,1715.1807827238752,1856.1985694387338,621642.0749156079,3.6000000000000005
35,3571.379352162609,1720.2881526728368,1851.0911994897722,619921.7867629351,3.6000000000000005
36,3571.379352162609,1725.4107310639977,1845.9686210986113,618196.3760318711,3.6000000000000005
